Workbook

Sheet Applications_v2
A1: Applications - SSDLC Maturity Assessment
A2: Select the maturity level that best fits the current state. Evidence/comments should support every selected level. Scores and weighted scores calculate automatically.
A5: Dimension | B5: SSDLC Phase(s) | C5: Assessment Question | D5: Early (1) | E5: Emerging (2) | F5: Mature (3) | G5: Fully Mature (4) | H5: Selected Level | I5: Score | J5: Weight | K5: Weighted Score | L5: Evidence / Comments | M5: Gap / Recommendation
A6: Governance & Ownership | B6: All Phases | C6: Are SSDLC roles and approval responsibilities clearly defined and followed? | D6: Roles and approvals are informal or person-dependent. | E6: Basic owners are known, but responsibilities vary by project/team. | F6: Roles, approvers, and signoffs are documented and consistently followed. | G6: Formal RACI, governance forums, escalation paths, and periodic compliance reviews exist. | H6: Early | I6: =IF(H6="Early",1,IF(H6="Emerging",2,IF(H6="Mature",3,IF(H6="Fully Mature",4,"")))) -> 1 | J6: 10 | K6: =IF(I6="","",I6*J6) -> 10
A7: Requirements & Risk Management | B7: Phase 1 - Requirements & Scope | C7: Are business requirements, scope, and changes formally captured and controlled? | D7: Requirements are captured informally; scope changes are handled ad hoc. | E7: Templates exist for some projects; change control is inconsistent. | F7: Requirements, scope approval, and change control are documented and mandatory. | G7: Requirements include risk classification, traceability, impact analysis, and automated change governance. | I7: =IF(H7="Early",1,IF(H7="Emerging",2,IF(H7="Mature",3,IF(H7="Fully Mature",4,"")))) | J7: 8 | K7: =IF(I7="","",I7*J7)
A8: Requirements & Risk Management | B8: Phase 1 - Requirements & Scope | C8: Is data classification performed during intake or requirements? | D8: No formal data classification is performed. | E8: Data classification is performed only for sensitive or high-profile projects. | F8: Data classification is mandatory and captured in standard artifacts. | G8: Classification drives downstream controls, security gates, privacy reviews, and audit evidence. | I8: =IF(H8="Early",1,IF(H8="Emerging",2,IF(H8="Mature",3,IF(H8="Fully Mature",4,"")))) | J8: 8 | K8: =IF(I8="","",I8*J8)
A9: Architecture & Design | B9: Phase 2 - Analysis & Design | C9: Is architecture/design review required before build begins? | D9: Design reviews are optional or informal. | E9: Design reviews occur for major projects only. | F9: Architecture/design review and signoff are mandatory before development. | G9: Architecture governance includes reusable patterns, NFR review, technical debt assessment, and exception tracking. | I9: =IF(H9="Early",1,IF(H9="Emerging",2,IF(H9="Mature",3,IF(H9="Fully Mature",4,"")))) | J9: 10 | K9: =IF(I9="","",I9*J9)
A10: Architecture & Design | B10: Phase 2 - Analysis & Design | C10: Are interface, integration, and data flow designs documented? | D10: Interfaces are not consistently documented. | E10: Interface documentation exists but varies by project/vendor. | F10: Interface specifications and data flows are required and reviewed. | G10: Interface designs follow approved patterns, API/event standards, and are stored in a reusable catalog. | I10: =IF(H10="Early",1,IF(H10="Emerging",2,IF(H10="Mature",3,IF(H10="Fully Mature",4,"")))) | J10: 8 | K10: =IF(I10="","",I10*J10)
A11: Security Integration | B11: Phase 1-2 | C11: Is threat modeling performed before development? | D11: No threat modeling is performed. | E11: Threat modeling is performed only for critical/high-risk projects. | F11: Threat modeling is mandatory for applicable projects and tracked to closure. | G11: Threat modeling is integrated into architecture governance, tool-supported, and linked to remediation workflows. | I11: =IF(H11="Early",1,IF(H11="Emerging",2,IF(H11="Mature",3,IF(H11="Fully Mature",4,"")))) | J11: 12 | K11: =IF(I11="","",I11*J11)
A12: Security Integration | B12: Phase 2 - Analysis & Design | C12: Is security architecture review embedded in design approval? | D12: Security review happens late or not at all. | E12: Security participates when requested or for high-risk projects. | F12: Security review/signoff is a defined design gate. | G12: Security architecture review is risk-based, measurable, integrated with EA governance, and exception-managed. | I12: =IF(H12="Early",1,IF(H12="Emerging",2,IF(H12="Mature",3,IF(H12="Fully Mature",4,"")))) | J12: 12 | K12: =IF(I12="","",I12*J12)
A13: Secure Development | B13: Phase 4 - Development | C13: Are secure coding standards defined and enforced? | D13: No secure coding standards are formally defined. | E13: Standards exist but adoption is inconsistent and not measured. | F13: Secure coding standards are mandatory and referenced during development/reviews. | G13: Secure coding standards are embedded into developer workflows, training, code review, and automated checks. | I13: =IF(H13="Early",1,IF(H13="Emerging",2,IF(H13="Mature",3,IF(H13="Fully Mature",4,"")))) | J13: 10 | K13: =IF(I13="","",I13*J13)
A14: Secure Development | B14: Phase 4 - Development | C14: Is source code reviewed before release? | D14: Code reviews are optional or informal. | E14: Code reviews occur inconsistently or only within some teams/vendors. | F14: Code review is mandatory with documented evidence. | G14: Code reviews are policy-driven, integrated into pull requests, and measured for compliance/quality. | I14: =IF(H14="Early",1,IF(H14="Emerging",2,IF(H14="Mature",3,IF(H14="Fully Mature",4,"")))) | J14: 8 | K14: =IF(I14="","",I14*J14)
A15: Secure Development | B15: Phase 4 - Development | C15: Is SAST performed as part of build/development? | D15: No SAST is performed. | E15: SAST is performed manually or only for selected applications. | F15: SAST is required before release and findings are tracked. | G15: SAST is automated in CI/CD with severity thresholds, remediation SLAs, and exception workflows. | I15: =IF(H15="Early",1,IF(H15="Emerging",2,IF(H15="Mature",3,IF(H15="Fully Mature",4,"")))) | J15: 12 | K15: =IF(I15="","",I15*J15)
A16: Secure Development | B16: Phase 4 - Development | C16: Is open-source/dependency scanning performed? | D16: No dependency or OSS scanning is performed. | E16: Scanning is occasional or limited to specific projects. | F16: Dependency scanning is required with tracked remediation. | G16: Scanning is automated, policy-driven, tied to SBOM/license review, and monitored continuously. | I16: =IF(H16="Early",1,IF(H16="Emerging",2,IF(H16="Mature",3,IF(H16="Fully Mature",4,"")))) | J16: 10 | K16: =IF(I16="","",I16*J16)
A17: Testing & Validation | B17: Phase 5 - Testing/UAT | C17: Is UAT planned, executed, and formally signed off? | D17: UAT is informal or inconsistently documented. | E17: UAT occurs but templates and signoff vary. | F17: UAT scripts, defect logs, and business signoff are mandatory. | G17: UAT is traceable to requirements, includes automated evidence, and drives release readiness metrics. | I17: =IF(H17="Early",1,IF(H17="Emerging",2,IF(H17="Mature",3,IF(H17="Fully Mature",4,"")))) | J17: 8 | K17: =IF(I17="","",I17*J17)
A18: Testing & Validation | B18: Phase 5 - Testing/UAT | C18: Is DAST/security testing performed before production? | D18: No DAST/security testing is performed. | E18: Security testing occurs only for critical projects or manually. | F18: DAST/security testing is required for applicable applications before production. | G18: DAST/security testing is automated, risk-based, integrated with release gates, and measured. | I18: =IF(H18="Early",1,IF(H18="Emerging",2,IF(H18="Mature",3,IF(H18="Fully Mature",4,"")))) | J18: 12 | K18: =IF(I18="","",I18*J18)
... A27: Legacy Application Controls | B27: Phase 4-6 | C27: Are mainframe/batch/stored procedure changes reviewed with appropriate controls? | D27: Legacy changes are reviewed informally. | E27: Reviews occur for major changes but are inconsistent. | F27: Legacy code, DB, batch, and stored procedure changes follow documented review/test/release controls. | G27: Legacy changes are automated where possible, impact-assessed, traceable, and integrated with modern release evidence. | I27: =IF(H27="Early",1,IF(H27="Emerging",2,IF(H27="Mature",3,IF(H27="Fully Mature",4,"")))) | J27: 10 | K27: =IF(I27="","",I27*J27)
A31: Overall Score % | B31: Overall Level | C31: Answered Questions | D31: Total Questions | E31: Weighted Score | F31: Answered Weight
A32: =IFERROR(SUM(K6:K27)/(SUMIF(I6:I27,">0",J6:J27)*4)*100,"") -> 25 | B32: =IF(A32="","",IF(A32<40,"Early",IF(A32<65,"Emerging",IF(A32<85,"Mature","Fully Mature")))) -> Early | C32: =COUNT(I6:I27) -> 1 | D32: =COUNTA(C6:C27) -> 22 | E32: =SUM(K6:K27) -> 10 | F32: =SUMIF(I6:I27,">0",J6:J27) -> 10

Sheet Huntsville Apps OT_v2
A1: Huntsville Apps OT - SSDLC Maturity Assessment
A2: Select the maturity level that best fits the current state. Evidence/comments should support every selected level. Scores and weighted scores calculate automatically.
A5: Dimension | B5: SSDLC Phase(s) | C5: Assessment Question | D5: Early (1) | E5: Emerging (2) | F5: Mature (3) | G5: Fully Mature (4) | H5: Selected Level | I5: Score | J5: Weight | K5: Weighted Score | L5: Evidence / Comments | M5: Gap / Recommendation
A6: Governance & Ownership | B6: All Phases | C6: Are SSDLC roles and approval responsibilities clearly defined and followed? | D6: Roles and approvals are informal or person-dependent. | E6: Basic owners are known, but responsibilities vary by project/team. | F6: Roles, approvers, and signoffs are documented and consistently followed. | G6: Formal RACI, governance forums, escalation paths, and periodic compliance reviews exist. | H6: Mature | I6: =IF(H6="Early",1,IF(H6="Emerging",2,IF(H6="Mature",3,IF(H6="Fully Mature",4,"")))) -> 3 | J6: 10 | K6: =IF(I6="","",I6*J6) -> 30
A7: Requirements & Risk Management | B7: Phase 1 - Requirements & Scope | C7: Are business requirements, scope, and changes formally captured and controlled? | D7: Requirements are captured informally; scope changes are handled ad hoc. | E7: Templates exist for some projects; change control is inconsistent. | F7: Requirements, scope approval, and change control are documented and mandatory. | G7: Requirements include risk classification, traceability, impact analysis, and automated change governance. | I7: =IF(H7="Early",1,IF(H7="Emerging",2,IF(H7="Mature",3,IF(H7="Fully Mature",4,"")))) | J7: 8 | K7: =IF(I7="","",I7*J7)
A8: Requirements & Risk Management | B8: Phase 1 - Requirements & Scope | C8: Is data classification performed during intake or requirements? | D8: No formal data classification is performed. | E8: Data classification is performed only for sensitive or high-profile projects. | F8: Data classification is mandatory and captured in standard artifacts. | G8: Classification drives downstream controls, security gates, privacy reviews, and audit evidence. | I8: =IF(H8="Early",1,IF(H8="Emerging",2,IF(H8="Mature",3,IF(H8="Fully Mature",4,"")))) | J8: 8 | K8: =IF(I8="","",I8*J8)
A9: Architecture & Design | B9: Phase 2 - Analysis & Design | C9: Is architecture/design review required before build begins? | D9: Design reviews are optional or informal. | E9: Design reviews occur for major projects only. | F9: Architecture/design review and signoff are mandatory before development. | G9: Architecture governance includes reusable patterns, NFR review, technical debt assessment, and exception tracking. | I9: =IF(H9="Early",1,IF(H9="Emerging",2,IF(H9="Mature",3,IF(H9="Fully Mature",4,"")))) | J9: 10 | K9: =IF(I9="","",I9*J9)
A10: Architecture & Design | B10: Phase 2 - Analysis & Design | C10: Are interface, integration, and data flow designs documented? | D10: Interfaces are not consistently documented. | E10: Interface documentation exists but varies by project/vendor. | F10: Interface specifications and data flows are required and reviewed. | G10: Interface designs follow approved patterns, API/event standards, and are stored in a reusable catalog. | I10: =IF(H10="Early",1,IF(H10="Emerging",2,IF(H10="Mature",3,IF(H10="Fully Mature",4,"")))) | J10: 8 | K10: =IF(I10="","",I10*J10)
A11: Security Integration | B11: Phase 1-2 | C11: Is threat modeling performed before development? | D11: No threat modeling is performed. | E11: Threat modeling is performed only for critical/high-risk projects. | F11: Threat modeling is mandatory for applicable projects and tracked to closure. | G11: Threat modeling is integrated into architecture governance, tool-supported, and linked to remediation workflows. | I11: =IF(H11="Early",1,IF(H11="Emerging",2,IF(H11="Mature",3,IF(H11="Fully Mature",4,"")))) | J11: 12 | K11: =IF(I11="","",I11*J11)
A12: Security Integration | B12: Phase 2 - Analysis & Design | C12: Is security architecture review embedded in design approval? | D12: Security review happens late or not at all. | E12: Security participates when requested or for high-risk projects. | F12: Security review/signoff is a defined design gate. | G12: Security architecture review is risk-based, measurable, integrated with EA governance, and exception-managed. | I12: =IF(H12="Early",1,IF(H12="Emerging",2,IF(H12="Mature",3,IF(H12="Fully Mature",4,"")))) | J12: 12 | K12: =IF(I12="","",I12*J12)
A13: Secure Development | B13: Phase 4 - Development | C13: Are secure coding standards defined and enforced? | D13: No secure coding standards are formally defined. | E13: Standards exist but adoption is inconsistent and not measured. | F13: Secure coding standards are mandatory and referenced during development/reviews. | G13: Secure coding standards are embedded into developer workflows, training, code review, and automated checks. | I13: =IF(H13="Early",1,IF(H13="Emerging",2,IF(H13="Mature",3,IF(H13="Fully Mature",4,"")))) | J13: 10 | K13: =IF(I13="","",I13*J13)
A14: Secure Development | B14: Phase 4 - Development | C14: Is source code reviewed before release? | D14: Code reviews are optional or informal. | E14: Code reviews occur inconsistently or only within some teams/vendors. | F14: Code review is mandatory with documented evidence. | G14: Code reviews are policy-driven, integrated into pull requests, and measured for compliance/quality. | I14: =IF(H14="Early",1,IF(H14="Emerging",2,IF(H14="Mature",3,IF(H14="Fully Mature",4,"")))) | J14: 8 | K14: =IF(I14="","",I14*J14)
A15: Secure Development | B15: Phase 4 - Development | C15: Is SAST performed as part of build/development? | D15: No SAST is performed. | E15: SAST is performed manually or only for selected applications. | F15: SAST is required before release and findings are tracked. | G15: SAST is automated in CI/CD with severity thresholds, remediation SLAs, and exception workflows. | I15: =IF(H15="Early",1,IF(H15="Emerging",2,IF(H15="Mature",3,IF(H15="Fully Mature",4,"")))) | J15: 12 | K15: =IF(I15="","",I15*J15)
A16: Secure Development | B16: Phase 4 - Development | C16: Is open-source/dependency scanning performed? | D16: No dependency or OSS scanning is performed. | E16: Scanning is occasional or limited to specific projects. | F16: Dependency scanning is required with tracked remediation. | G16: Scanning is automated, policy-driven, tied to SBOM/license review, and monitored continuously. | I16: =IF(H16="Early",1,IF(H16="Emerging",2,IF(H16="Mature",3,IF(H16="Fully Mature",4,"")))) | J16: 10 | K16: =IF(I16="","",I16*J16)
A17: Testing & Validation | B17: Phase 5 - Testing/UAT | C17: Is UAT planned, executed, and formally signed off? | D17: UAT is informal or inconsistently documented. | E17: UAT occurs but templates and signoff vary. | F17: UAT scripts, defect logs, and business signoff are mandatory. | G17: UAT is traceable to requirements, includes automated evidence, and drives release readiness metrics. | I17: =IF(H17="Early",1,IF(H17="Emerging",2,IF(H17="Mature",3,IF(H17="Fully Mature",4,"")))) | J17: 8 | K17: =IF(I17="","",I17*J17)
A18: Testing & Validation | B18: Phase 5 - Testing/UAT | C18: Is DAST/security testing performed before production? | D18: No DAST/security testing is performed. | E18: Security testing occurs only for critical projects or manually. | F18: DAST/security testing is required for applicable applications before production. | G18: DAST/security testing is automated, risk-based, integrated with release gates, and measured. | I18: =IF(H18="Early",1,IF(H18="Emerging",2,IF(H18="Mature",3,IF(H18="Fully Mature",4,"")))) | J18: 12 | K18: =IF(I18="","",I18*J18)
... A30: OT/Plant Security | B30: Phase 6-7 | C30: Are OT access, remote support, and vendor connectivity controlled? | D30: Remote/vendor access is handled ad hoc. | E30: Basic access controls exist but reviews are inconsistent. | F30: Access approvals, time-bound permissions, and support procedures are documented. | G30: Remote/vendor access is privileged, monitored, segmented, logged, and periodically reviewed. | I30: =IF(H30="Early",1,IF(H30="Emerging",2,IF(H30="Mature",3,IF(H30="Fully Mature",4,"")))) | J30: 10 | K30: =IF(I30="","",I30*J30)
A34: Overall Score % | B34: Overall Level | C34: Answered Questions | D34: Total Questions | E34: Weighted Score | F34: Answered Weight
A35: =IFERROR(SUM(K6:K30)/(SUMIF(I6:I30,">0",J6:J30)*4)*100,"") -> 75 | B35: =IF(A35="","",IF(A35<40,"Early",IF(A35<65,"Emerging",IF(A35<85,"Mature","Fully Mature")))) -> Mature | C35: =COUNT(I6:I30) -> 1 | D35: =COUNTA(C6:C30) -> 25 | E35: =SUM(K6:K30) -> 30 | F35: =SUMIF(I6:I30,">0",J6:J30) -> 10

Sheet Data AI_v2
A1: Data AI - SSDLC Maturity Assessment
A2: Select the maturity level that best fits the current state. Evidence/comments should support every selected level. Scores and weighted scores calculate automatically.
A5: Dimension | B5: SSDLC Phase(s) | C5: Assessment Question | D5: Early (1) | E5: Emerging (2) | F5: Mature (3) | G5: Fully Mature (4) | H5: Selected Level | I5: Score | J5: Weight | K5: Weighted Score | L5: Evidence / Comments | M5: Gap / Recommendation
A6: Governance & Ownership | B6: All Phases | C6: Are SSDLC roles and approval responsibilities clearly defined and followed? | D6: Roles and approvals are informal or person-dependent. | E6: Basic owners are known, but responsibilities vary by project/team. | F6: Roles, approvers, and signoffs are documented and consistently followed. | G6: Formal RACI, governance forums, escalation paths, and periodic compliance reviews exist. | I6: =IF(H6="Early",1,IF(H6="Emerging",2,IF(H6="Mature",3,IF(H6="Fully Mature",4,"")))) | J6: 10 | K6: =IF(I6="","",I6*J6)
A7: Requirements & Risk Management | B7: Phase 1 - Requirements & Scope | C7: Are business requirements, scope, and changes formally captured and controlled? | D7: Requirements are captured informally; scope changes are handled ad hoc. | E7: Templates exist for some projects; change control is inconsistent. | F7: Requirements, scope approval, and change control are documented and mandatory. | G7: Requirements include risk classification, traceability, impact analysis, and automated change governance. | I7: =IF(H7="Early",1,IF(H7="Emerging",2,IF(H7="Mature",3,IF(H7="Fully Mature",4,"")))) | J7: 8 | K7: =IF(I7="","",I7*J7)
A8: Requirements & Risk Management | B8: Phase 1 - Requirements & Scope | C8: Is data classification performed during intake or requirements? | D8: No formal data classification is performed. | E8: Data classification is performed only for sensitive or high-profile projects. | F8: Data classification is mandatory and captured in standard artifacts. | G8: Classification drives downstream controls, security gates, privacy reviews, and audit evidence. | I8: =IF(H8="Early",1,IF(H8="Emerging",2,IF(H8="Mature",3,IF(H8="Fully Mature",4,"")))) | J8: 8 | K8: =IF(I8="","",I8*J8)
A9: Architecture & Design | B9: Phase 2 - Analysis & Design | C9: Is architecture/design review required before build begins? | D9: Design reviews are optional or informal. | E9: Design reviews occur for major projects only. | F9: Architecture/design review and signoff are mandatory before development. | G9: Architecture governance includes reusable patterns, NFR review, technical debt assessment, and exception tracking. | I9: =IF(H9="Early",1,IF(H9="Emerging",2,IF(H9="Mature",3,IF(H9="Fully Mature",4,"")))) | J9: 10 | K9: =IF(I9="","",I9*J9)
A10: Architecture & Design | B10: Phase 2 - Analysis & Design | C10: Are interface, integration, and data flow designs documented? | D10: Interfaces are not consistently documented. | E10: Interface documentation exists but varies by project/vendor. | F10: Interface specifications and data flows are required and reviewed. | G10: Interface designs follow approved patterns, API/event standards, and are stored in a reusable catalog. | I10: =IF(H10="Early",1,IF(H10="Emerging",2,IF(H10="Mature",3,IF(H10="Fully Mature",4,"")))) | J10: 8 | K10: =IF(I10="","",I10*J10)
A11: Security Integration | B11: Phase 1-2 | C11: Is threat modeling performed before development? | D11: No threat modeling is performed. | E11: Threat modeling is performed only for critical/high-risk projects. | F11: Threat modeling is mandatory for applicable projects and tracked to closure. | G11: Threat modeling is integrated into architecture governance, tool-supported, and linked to remediation workflows. | I11: =IF(H11="Early",1,IF(H11="Emerging",2,IF(H11="Mature",3,IF(H11="Fully Mature",4,"")))) | J11: 12 | K11: =IF(I11="","",I11*J11)
A12: Security Integration | B12: Phase 2 - Analysis & Design | C12: Is security architecture review embedded in design approval? | D12: Security review happens late or not at all. | E12: Security participates when requested or for high-risk projects. | F12: Security review/signoff is a defined design gate. | G12: Security architecture review is risk-based, measurable, integrated with EA governance, and exception-managed. | I12: =IF(H12="Early",1,IF(H12="Emerging",2,IF(H12="Mature",3,IF(H12="Fully Mature",4,"")))) | J12: 12 | K12: =IF(I12="","",I12*J12)
A13: Secure Development | B13: Phase 4 - Development | C13: Are secure coding standards defined and enforced? | D13: No secure coding standards are formally defined. | E13: Standards exist but adoption is inconsistent and not measured. | F13: Secure coding standards are mandatory and referenced during development/reviews. | G13: Secure coding standards are embedded into developer workflows, training, code review, and automated checks. | I13: =IF(H13="Early",1,IF(H13="Emerging",2,IF(H13="Mature",3,IF(H13="Fully Mature",4,"")))) | J13: 10 | K13: =IF(I13="","",I13*J13)
A14: Secure Development | B14: Phase 4 - Development | C14: Is source code reviewed before release? | D14: Code reviews are optional or informal. | E14: Code reviews occur inconsistently or only within some teams/vendors. | F14: Code review is mandatory with documented evidence. | G14: Code reviews are policy-driven, integrated into pull requests, and measured for compliance/quality. | I14: =IF(H14="Early",1,IF(H14="Emerging",2,IF(H14="Mature",3,IF(H14="Fully Mature",4,"")))) | J14: 8 | K14: =IF(I14="","",I14*J14)
A15: Secure Development | B15: Phase 4 - Development | C15: Is SAST performed as part of build/development? | D15: No SAST is performed. | E15: SAST is performed manually or only for selected applications. | F15: SAST is required before release and findings are tracked. | G15: SAST is automated in CI/CD with severity thresholds, remediation SLAs, and exception workflows. | I15: =IF(H15="Early",1,IF(H15="Emerging",2,IF(H15="Mature",3,IF(H15="Fully Mature",4,"")))) | J15: 12 | K15: =IF(I15="","",I15*J15)
A16: Secure Development | B16: Phase 4 - Development | C16: Is open-source/dependency scanning performed? | D16: No dependency or OSS scanning is performed. | E16: Scanning is occasional or limited to specific projects. | F16: Dependency scanning is required with tracked remediation. | G16: Scanning is automated, policy-driven, tied to SBOM/license review, and monitored continuously. | I16: =IF(H16="Early",1,IF(H16="Emerging",2,IF(H16="Mature",3,IF(H16="Fully Mature",4,"")))) | J16: 10 | K16: =IF(I16="","",I16*J16)
A17: Testing & Validation | B17: Phase 5 - Testing/UAT | C17: Is UAT planned, executed, and formally signed off? | D17: UAT is informal or inconsistently documented. | E17: UAT occurs but templates and signoff vary. | F17: UAT scripts, defect logs, and business signoff are mandatory. | G17: UAT is traceable to requirements, includes automated evidence, and drives release readiness metrics. | I17: =IF(H17="Early",1,IF(H17="Emerging",2,IF(H17="Mature",3,IF(H17="Fully Mature",4,"")))) | J17: 8 | K17: =IF(I17="","",I17*J17)
... A29: Data/AI Governance | B29: Phase 7 - Operate | C29: Are deployed models monitored for drift, performance, and responsible AI risks? | D29: No ongoing model monitoring exists. | E29: Manual/ad hoc monitoring is performed for selected models. | F29: Model performance, drift, and operational risks are monitored with defined ownership. | G29: Continuous model monitoring triggers automated alerts, retraining workflows, risk reviews, and compliance evidence. | I29: =IF(H29="Early",1,IF(H29="Emerging",2,IF(H29="Mature",3,IF(H29="Fully Mature",4,"")))) | J29: 10 | K29: =IF(I29="","",I29*J29)
A33: Overall Score % | B33: Overall Level | C33: Answered Questions | D33: Total Questions | E33: Weighted Score | F33: Answered Weight
A34: =IFERROR(SUM(K6:K29)/(SUMIF(I6:I29,">0",J6:J29)*4)*100,"") | B34: =IF(A34="","",IF(A34<40,"Early",IF(A34<65,"Emerging",IF(A34<85,"Mature","Fully Mature")))) | C34: =COUNT(I6:I29) -> 0 | D34: =COUNTA(C6:C29) -> 24 | E34: =SUM(K6:K29) -> 0 | F34: =SUMIF(I6:I29,">0",J6:J29) -> 0

Sheet Infrastructure_v2
A1: Infrastructure - SSDLC Maturity Assessment
A2: Select the maturity level that best fits the current state. Evidence/comments should support every selected level. Scores and weighted scores calculate automatically.
A5: Dimension | B5: SSDLC Phase(s) | C5: Assessment Question | D5: Early (1) | E5: Emerging (2) | F5: Mature (3) | G5: Fully Mature (4) | H5: Selected Level | I5: Score | J5: Weight | K5: Weighted Score | L5: Evidence / Comments | M5: Gap / Recommendation
A6: Governance & Ownership | B6: All Phases | C6: Are SSDLC roles and approval responsibilities clearly defined and followed? | D6: Roles and approvals are informal or person-dependent. | E6: Basic owners are known, but responsibilities vary by project/team. | F6: Roles, approvers, and signoffs are documented and consistently followed. | G6: Formal RACI, governance forums, escalation paths, and periodic compliance reviews exist. | I6: =IF(H6="Early",1,IF(H6="Emerging",2,IF(H6="Mature",3,IF(H6="Fully Mature",4,"")))) | J6: 10 | K6: =IF(I6="","",I6*J6)
A7: Requirements & Risk Management | B7: Phase 1 - Requirements & Scope | C7: Are business requirements, scope, and changes formally captured and controlled? | D7: Requirements are captured informally; scope changes are handled ad hoc. | E7: Templates exist for some projects; change control is inconsistent. | F7: Requirements, scope approval, and change control are documented and mandatory. | G7: Requirements include risk classification, traceability, impact analysis, and automated change governance. | I7: =IF(H7="Early",1,IF(H7="Emerging",2,IF(H7="Mature",3,IF(H7="Fully Mature",4,"")))) | J7: 8 | K7: =IF(I7="","",I7*J7)
A8: Requirements & Risk Management | B8: Phase 1 - Requirements & Scope | C8: Is data classification performed during intake or requirements? | D8: No formal data classification is performed. | E8: Data classification is performed only for sensitive or high-profile projects. | F8: Data classification is mandatory and captured in standard artifacts. | G8: Classification drives downstream controls, security gates, privacy reviews, and audit evidence. | I8: =IF(H8="Early",1,IF(H8="Emerging",2,IF(H8="Mature",3,IF(H8="Fully Mature",4,"")))) | J8: 8 | K8: =IF(I8="","",I8*J8)
A9: Architecture & Design | B9: Phase 2 - Analysis & Design | C9: Is architecture/design review required before build begins? | D9: Design reviews are optional or informal. | E9: Design reviews occur for major projects only. | F9: Architecture/design review and signoff are mandatory before development. | G9: Architecture governance includes reusable patterns, NFR review, technical debt assessment, and exception tracking. | I9: =IF(H9="Early",1,IF(H9="Emerging",2,IF(H9="Mature",3,IF(H9="Fully Mature",4,"")))) | J9: 10 | K9: =IF(I9="","",I9*J9)
A10: Architecture & Design | B10: Phase 2 - Analysis & Design | C10: Are interface, integration, and data flow designs documented? | D10: Interfaces are not consistently documented. | E10: Interface documentation exists but varies by project/vendor. | F10: Interface specifications and data flows are required and reviewed. | G10: Interface designs follow approved patterns, API/event standards, and are stored in a reusable catalog. | I10: =IF(H10="Early",1,IF(H10="Emerging",2,IF(H10="Mature",3,IF(H10="Fully Mature",4,"")))) | J10: 8 | K10: =IF(I10="","",I10*J10)
A11: Security Integration | B11: Phase 1-2 | C11: Is threat modeling performed before development? | D11: No threat modeling is performed. | E11: Threat modeling is performed only for critical/high-risk projects. | F11: Threat modeling is mandatory for applicable projects and tracked to closure. | G11: Threat modeling is integrated into architecture governance, tool-supported, and linked to remediation workflows. | I11: =IF(H11="Early",1,IF(H11="Emerging",2,IF(H11="Mature",3,IF(H11="Fully Mature",4,"")))) | J11: 12 | K11: =IF(I11="","",I11*J11)
A12: Security Integration | B12: Phase 2 - Analysis & Design | C12: Is security architecture review embedded in design approval? | D12: Security review happens late or not at all. | E12: Security participates when requested or for high-risk projects. | F12: Security review/signoff is a defined design gate. | G12: Security architecture review is risk-based, measurable, integrated with EA governance, and exception-managed. | I12: =IF(H12="Early",1,IF(H12="Emerging",2,IF(H12="Mature",3,IF(H12="Fully Mature",4,"")))) | J12: 12 | K12: =IF(I12="","",I12*J12)
A13: Secure Development | B13: Phase 4 - Development | C13: Are secure coding standards defined and enforced? | D13: No secure coding standards are formally defined. | E13: Standards exist but adoption is inconsistent and not measured. | F13: Secure coding standards are mandatory and referenced during development/reviews. | G13: Secure coding standards are embedded into developer workflows, training, code review, and automated checks. | I13: =IF(H13="Early",1,IF(H13="Emerging",2,IF(H13="Mature",3,IF(H13="Fully Mature",4,"")))) | J13: 10 | K13: =IF(I13="","",I13*J13)
A14: Secure Development | B14: Phase 4 - Development | C14: Is source code reviewed before release? | D14: Code reviews are optional or informal. | E14: Code reviews occur inconsistently or only within some teams/vendors. | F14: Code review is mandatory with documented evidence. | G14: Code reviews are policy-driven, integrated into pull requests, and measured for compliance/quality. | I14: =IF(H14="Early",1,IF(H14="Emerging",2,IF(H14="Mature",3,IF(H14="Fully Mature",4,"")))) | J14: 8 | K14: =IF(I14="","",I14*J14)
A15: Secure Development | B15: Phase 4 - Development | C15: Is SAST performed as part of build/development? | D15: No SAST is performed. | E15: SAST is performed manually or only for selected applications. | F15: SAST is required before release and findings are tracked. | G15: SAST is automated in CI/CD with severity thresholds, remediation SLAs, and exception workflows. | I15: =IF(H15="Early",1,IF(H15="Emerging",2,IF(H15="Mature",3,IF(H15="Fully Mature",4,"")))) | J15: 12 | K15: =IF(I15="","",I15*J15)
A16: Secure Development | B16: Phase 4 - Development | C16: Is open-source/dependency scanning performed? | D16: No dependency or OSS scanning is performed. | E16: Scanning is occasional or limited to specific projects. | F16: Dependency scanning is required with tracked remediation. | G16: Scanning is automated, policy-driven, tied to SBOM/license review, and monitored continuously. | I16: =IF(H16="Early",1,IF(H16="Emerging",2,IF(H16="Mature",3,IF(H16="Fully Mature",4,"")))) | J16: 10 | K16: =IF(I16="","",I16*J16)
A17: Testing & Validation | B17: Phase 5 - Testing/UAT | C17: Is UAT planned, executed, and formally signed off? | D17: UAT is informal or inconsistently documented. | E17: UAT occurs but templates and signoff vary. | F17: UAT scripts, defect logs, and business signoff are mandatory. | G17: UAT is traceable to requirements, includes automated evidence, and drives release readiness metrics. | I17: =IF(H17="Early",1,IF(H17="Emerging",2,IF(H17="Mature",3,IF(H17="Fully Mature",4,"")))) | J17: 8 | K17: =IF(I17="","",I17*J17)
... A29: Infrastructure Security | B29: Phase 7 - Operate | C29: Are vulnerability remediation SLAs defined and tracked? | D29: Vulnerability remediation is reactive. | E29: Vulnerabilities are tracked but SLAs vary by team/system. | F29: Remediation SLAs are defined, tracked, and reported. | G29: Risk-based remediation is automated with SLA dashboards, exception workflows, and executive reporting. | I29: =IF(H29="Early",1,IF(H29="Emerging",2,IF(H29="Mature",3,IF(H29="Fully Mature",4,"")))) | J29: 10 | K29: =IF(I29="","",I29*J29)
A33: Overall Score % | B33: Overall Level | C33: Answered Questions | D33: Total Questions | E33: Weighted Score | F33: Answered Weight
A34: =IFERROR(SUM(K6:K29)/(SUMIF(I6:I29,">0",J6:J29)*4)*100,"") | B34: =IF(A34="","",IF(A34<40,"Early",IF(A34<65,"Emerging",IF(A34<85,"Mature","Fully Mature")))) | C34: =COUNT(I6:I29) -> 0 | D34: =COUNTA(C6:C29) -> 24 | E34: =SUM(K6:K29) -> 0 | F34: =SUMIF(I6:I29,">0",J6:J29) -> 0

Sheet Executive Dashboard_v2
A1: Executive SSDLC Maturity Dashboard
A3: Tower | B3: Overall Score % | C3: Overall Level | D3: Answered | E3: Total Questions | F3: Top Concern | G3: Target % | H3: Gap to Target
A4: Applications | B4: =Applications_v2!A32 -> 25 | C4: =Applications_v2!B32 -> Early | D4: =Applications_v2!C32 -> 1 | E4: =Applications_v2!D32 -> 22 | F4: Security / automation / evidence gaps | G4: 80 | H4: =IF(B4="","",G4-B4) -> 55
A5: Huntsville Apps OT | B5: ='Huntsville Apps OT_v2'!A35 -> 75 | C5: ='Huntsville Apps OT_v2'!B35 -> Mature | D5: ='Huntsville Apps OT_v2'!C35 -> 1 | E5: ='Huntsville Apps OT_v2'!D35 -> 25 | F5: Security / automation / evidence gaps | G5: 80 | H5: =IF(B5="","",G5-B5) -> 5
A6: Data AI | B6: ='Data AI_v2'!A34 | C6: ='Data AI_v2'!B34 | D6: ='Data AI_v2'!C34 -> 0 | E6: ='Data AI_v2'!D34 -> 24 | F6: Security / automation / evidence gaps | G6: 80 | H6: =IF(B6="","",G6-B6)
A7: Infrastructure | B7: =Infrastructure_v2!A34 | C7: =Infrastructure_v2!B34 | D7: =Infrastructure_v2!C34 -> 0 | E7: =Infrastructure_v2!D34 -> 24 | F7: Security / automation / evidence gaps | G7: 80 | H7: =IF(B7="","",G7-B7)
A10: Dimension | B10: Applications | C10: Huntsville Apps OT | D10: Data AI | E10: Infrastructure
A11: Architecture & Design | B11: =IFERROR(SUMIFS(Applications_v2!$K$6:$K$27,Applications_v2!$A$6:$A$27,$A11)/(SUMIFS(Applications_v2!$J$6:$J$27,Applications_v2!$A$6:$A$27,$A11,Applications_v2!$I$6:$I$27,">0")*4)*100,"") | C11: =IFERROR(SUMIFS('Huntsville Apps OT_v2'!$K$6:$K$30,'Huntsville Apps OT_v2'!$A$6:$A$30,$A11)/(SUMIFS('Huntsville Apps OT_v2'!$J$6:$J$30,'Huntsville Apps OT_v2'!$A$6:$A$30,$A11,'Huntsville Apps OT_v2'!$I$6:$I$30,">0")*4)*100,"") | D11: =IFERROR(SUMIFS('Data AI_v2'!$K$6:$K$29,'Data AI_v2'!$A$6:$A$29,$A11)/(SUMIFS('Data AI_v2'!$J$6:$J$29,'Data AI_v2'!$A$6:$A$29,$A11,'Data AI_v2'!$I$6:$I$29,">0")*4)*100,"") | E11: =IFERROR(SUMIFS(Infrastructure_v2!$K$6:$K$29,Infrastructure_v2!$A$6:$A$29,$A11)/(SUMIFS(Infrastructure_v2!$J$6:$J$29,Infrastructure_v2!$A$6:$A$29,$A11,Infrastructure_v2!$I$6:$I$29,">0")*4)*100,"")
A12: Compliance & Auditability | B12: =IFERROR(SUMIFS(Applications_v2!$K$6:$K$27,Applications_v2!$A$6:$A$27,$A12)/(SUMIFS(Applications_v2!$J$6:$J$27,Applications_v2!$A$6:$A$27,$A12,Applications_v2!$I$6:$I$27,">0")*4)*100,"") | C12: =IFERROR(SUMIFS('Huntsville Apps OT_v2'!$K$6:$K$30,'Huntsville Apps OT_v2'!$A$6:$A$30,$A12)/(SUMIFS('Huntsville Apps OT_v2'!$J$6:$J$30,'Huntsville Apps OT_v2'!$A$6:$A$30,$A12,'Huntsville Apps OT_v2'!$I$6:$I$30,">0")*4)*100,"") | D12: =IFERROR(SUMIFS('Data AI_v2'!$K$6:$K$29,'Data AI_v2'!$A$6:$A$29,$A12)/(SUMIFS('Data AI_v2'!$J$6:$J$29,'Data AI_v2'!$A$6:$A$29,$A12,'Data AI_v2'!$I$6:$I$29,">0")*4)*100,"") | E12: =IFERROR(SUMIFS(Infrastructure_v2!$K$6:$K$29,Infrastructure_v2!$A$6:$A$29,$A12)/(SUMIFS(Infrastructure_v2!$J$6:$J$29,Infrastructure_v2!$A$6:$A$29,$A12,Infrastructure_v2!$I$6:$I$29,">0")*4)*100,"")
A13: Data/AI Governance | B13: =IFERROR(SUMIFS(Applications_v2!$K$6:$K$27,Applications_v2!$A$6:$A$27,$A13)/(SUMIFS(Applications_v2!$J$6:$J$27,Applications_v2!$A$6:$A$27,$A13,Applications_v2!$I$6:$I$27,">0")*4)*100,"") | C13: =IFERROR(SUMIFS('Huntsville Apps OT_v2'!$K$6:$K$30,'Huntsville Apps OT_v2'!$A$6:$A$30,$A13)/(SUMIFS('Huntsville Apps OT_v2'!$J$6:$J$30,'Huntsville Apps OT_v2'!$A$6:$A$30,$A13,'Huntsville Apps OT_v2'!$I$6:$I$30,">0")*4)*100,"") | D13: =IFERROR(SUMIFS('Data AI_v2'!$K$6:$K$29,'Data AI_v2'!$A$6:$A$29,$A13)/(SUMIFS('Data AI_v2'!$J$6:$J$29,'Data AI_v2'!$A$6:$A$29,$A13,'Data AI_v2'!$I$6:$I$29,">0")*4)*100,"") | E13: =IFERROR(SUMIFS(Infrastructure_v2!$K$6:$K$29,Infrastructure_v2!$A$6:$A$29,$A13)/(SUMIFS(Infrastructure_v2!$J$6:$J$29,Infrastructure_v2!$A$6:$A$29,$A13,Infrastructure_v2!$I$6:$I$29,">0")*4)*100,"")
A14: Governance & Ownership | B14: =IFERROR(SUMIFS(Applications_v2!$K$6:$K$27,Applications_v2!$A$6:$A$27,$A14)/(SUMIFS(Applications_v2!$J$6:$J$27,Applications_v2!$A$6:$A$27,$A14,Applications_v2!$I$6:$I$27,">0")*4)*100,"") -> 25 | C14: =IFERROR(SUMIFS('Huntsville Apps OT_v2'!$K$6:$K$30,'Huntsville Apps OT_v2'!$A$6:$A$30,$A14)/(SUMIFS('Huntsville Apps OT_v2'!$J$6:$J$30,'Huntsville Apps OT_v2'!$A$6:$A$30,$A14,'Huntsville Apps OT_v2'!$I$6:$I$30,">0")*4)*100,"") -> 75 | D14: =IFERROR(SUMIFS('Data AI_v2'!$K$6:$K$29,'Data AI_v2'!$A$6:$A$29,$A14)/(SUMIFS('Data AI_v2'!$J$6:$J$29,'Data AI_v2'!$A$6:$A$29,$A14,'Data AI_v2'!$I$6:$I$29,">0")*4)*100,"") | E14: =IFERROR(SUMIFS(Infrastructure_v2!$K$6:$K$29,Infrastructure_v2!$A$6:$A$29,$A14)/(SUMIFS(Infrastructure_v2!$J$6:$J$29,Infrastructure_v2!$A$6:$A$29,$A14,Infrastructure_v2!$I$6:$I$29,">0")*4)*100,"")
A15: Infrastructure Security | B15: =IFERROR(SUMIFS(Applications_v2!$K$6:$K$27,Applications_v2!$A$6:$A$27,$A15)/(SUMIFS(Applications_v2!$J$6:$J$27,Applications_v2!$A$6:$A$27,$A15,Applications_v2!$I$6:$I$27,">0")*4)*100,"") | C15: =IFERROR(SUMIFS('Huntsville Apps OT_v2'!$K$6:$K$30,'Huntsville Apps OT_v2'!$A$6:$A$30,$A15)/(SUMIFS('Huntsville Apps OT_v2'!$J$6:$J$30,'Huntsville Apps OT_v2'!$A$6:$A$30,$A15,'Huntsville Apps OT_v2'!$I$6:$I$30,">0")*4)*100,"") | D15: =IFERROR(SUMIFS('Data AI_v2'!$K$6:$K$29,'Data AI_v2'!$A$6:$A$29,$A15)/(SUMIFS('Data AI_v2'!$J$6:$J$29,'Data AI_v2'!$A$6:$A$29,$A15,'Data AI_v2'!$I$6:$I$29,">0")*4)*100,"") | E15: =IFERROR(SUMIFS(Infrastructure_v2!$K$6:$K$29,Infrastructure_v2!$A$6:$A$29,$A15)/(SUMIFS(Infrastructure_v2!$J$6:$J$29,Infrastructure_v2!$A$6:$A$29,$A15,Infrastructure_v2!$I$6:$I$29,">0")*4)*100,"")
A16: Legacy Application Controls | B16: =IFERROR(SUMIFS(Applications_v2!$K$6:$K$27,Applications_v2!$A$6:$A$27,$A16)/(SUMIFS(Applications_v2!$J$6:$J$27,Applications_v2!$A$6:$A$27,$A16,Applications_v2!$I$6:$I$27,">0")*4)*100,"") | C16: =IFERROR(SUMIFS('Huntsville Apps OT_v2'!$K$6:$K$30,'Huntsville Apps OT_v2'!$A$6:$A$30,$A16)/(SUMIFS('Huntsville Apps OT_v2'!$J$6:$J$30,'Huntsville Apps OT_v2'!$A$6:$A$30,$A16,'Huntsville Apps OT_v2'!$I$6:$I$30,">0")*4)*100,"") | D16: =IFERROR(SUMIFS('Data AI_v2'!$K$6:$K$29,'Data AI_v2'!$A$6:$A$29,$A16)/(SUMIFS('Data AI_v2'!$J$6:$J$29,'Data AI_v2'!$A$6:$A$29,$A16,'Data AI_v2'!$I$6:$I$29,">0")*4)*100,"") | E16: =IFERROR(SUMIFS(Infrastructure_v2!$K$6:$K$29,Infrastructure_v2!$A$6:$A$29,$A16)/(SUMIFS(Infrastructure_v2!$J$6:$J$29,Infrastructure_v2!$A$6:$A$29,$A16,Infrastructure_v2!$I$6:$I$29,">0")*4)*100,"")
A17: Metrics & Continuous Improvement | B17: =IFERROR(SUMIFS(Applications_v2!$K$6:$K$27,Applications_v2!$A$6:$A$27,$A17)/(SUMIFS(Applications_v2!$J$6:$J$27,Applications_v2!$A$6:$A$27,$A17,Applications_v2!$I$6:$I$27,">0")*4)*100,"") | C17: =IFERROR(SUMIFS('Huntsville Apps OT_v2'!$K$6:$K$30,'Huntsville Apps OT_v2'!$A$6:$A$30,$A17)/(SUMIFS('Huntsville Apps OT_v2'!$J$6:$J$30,'Huntsville Apps OT_v2'!$A$6:$A$30,$A17,'Huntsville Apps OT_v2'!$I$6:$I$30,">0")*4)*100,"") | D17: =IFERROR(SUMIFS('Data AI_v2'!$K$6:$K$29,'Data AI_v2'!$A$6:$A$29,$A17)/(SUMIFS('Data AI_v2'!$J$6:$J$29,'Data AI_v2'!$A$6:$A$29,$A17,'Data AI_v2'!$I$6:$I$29,">0")*4)*100,"") | E17: =IFERROR(SUMIFS(Infrastructure_v2!$K$6:$K$29,Infrastructure_v2!$A$6:$A$29,$A17)/(SUMIFS(Infrastructure_v2!$J$6:$J$29,Infrastructure_v2!$A$6:$A$29,$A17,Infrastructure_v2!$I$6:$I$29,">0")*4)*100,"")
A18: OT/Plant Security | B18: =IFERROR(SUMIFS(Applications_v2!$K$6:$K$27,Applications_v2!$A$6:$A$27,$A18)/(SUMIFS(Applications_v2!$J$6:$J$27,Applications_v2!$A$6:$A$27,$A18,Applications_v2!$I$6:$I$27,">0")*4)*100,"") | C18: =IFERROR(SUMIFS('Huntsville Apps OT_v2'!$K$6:$K$30,'Huntsville Apps OT_v2'!$A$6:$A$30,$A18)/(SUMIFS('Huntsville Apps OT_v2'!$J$6:$J$30,'Huntsville Apps OT_v2'!$A$6:$A$30,$A18,'Huntsville Apps OT_v2'!$I$6:$I$30,">0")*4)*100,"") | D18: =IFERROR(SUMIFS('Data AI_v2'!$K$6:$K$29,'Data AI_v2'!$A$6:$A$29,$A18)/(SUMIFS('Data AI_v2'!$J$6:$J$29,'Data AI_v2'!$A$6:$A$29,$A18,'Data AI_v2'!$I$6:$I$29,">0")*4)*100,"") | E18: =IFERROR(SUMIFS(Infrastructure_v2!$K$6:$K$29,Infrastructure_v2!$A$6:$A$29,$A18)/(SUMIFS(Infrastructure_v2!$J$6:$J$29,Infrastructure_v2!$A$6:$A$29,$A18,Infrastructure_v2!$I$6:$I$29,">0")*4)*100,"")
A19: Operational Readiness | B19: =IFERROR(SUMIFS(Applications_v2!$K$6:$K$27,Applications_v2!$A$6:$A$27,$A19)/(SUMIFS(Applications_v2!$J$6:$J$27,Applications_v2!$A$6:$A$27,$A19,Applications_v2!$I$6:$I$27,">0")*4)*100,"") | C19: =IFERROR(SUMIFS('Huntsville Apps OT_v2'!$K$6:$K$30,'Huntsville Apps OT_v2'!$A$6:$A$30,$A19)/(SUMIFS('Huntsville Apps OT_v2'!$J$6:$J$30,'Huntsville Apps OT_v2'!$A$6:$A$30,$A19,'Huntsville Apps OT_v2'!$I$6:$I$30,">0")*4)*100,"") | D19: =IFERROR(SUMIFS('Data AI_v2'!$K$6:$K$29,'Data AI_v2'!$A$6:$A$29,$A19)/(SUMIFS('Data AI_v2'!$J$6:$J$29,'Data AI_v2'!$A$6:$A$29,$A19,'Data AI_v2'!$I$6:$I$29,">0")*4)*100,"") | E19: =IFERROR(SUMIFS(Infrastructure_v2!$K$6:$K$29,Infrastructure_v2!$A$6:$A$29,$A19)/(SUMIFS(Infrastructure_v2!$J$6:$J$29,Infrastructure_v2!$A$6:$A$29,$A19,Infrastructure_v2!$I$6:$I$29,">0")*4)*100,"")
A20: Release & Change Management | B20: =IFERROR(SUMIFS(Applications_v2!$K$6:$K$27,Applications_v2!$A$6:$A$27,$A20)/(SUMIFS(Applications_v2!$J$6:$J$27,Applications_v2!$A$6:$A$27,$A20,Applications_v2!$I$6:$I$27,">0")*4)*100,"") | C20: =IFERROR(SUMIFS('Huntsville Apps OT_v2'!$K$6:$K$30,'Huntsville Apps OT_v2'!$A$6:$A$30,$A20)/(SUMIFS('Huntsville Apps OT_v2'!$J$6:$J$30,'Huntsville Apps OT_v2'!$A$6:$A$30,$A20,'Huntsville Apps OT_v2'!$I$6:$I$30,">0")*4)*100,"") | D20: =IFERROR(SUMIFS('Data AI_v2'!$K$6:$K$29,'Data AI_v2'!$A$6:$A$29,$A20)/(SUMIFS('Data AI_v2'!$J$6:$J$29,'Data AI_v2'!$A$6:$A$29,$A20,'Data AI_v2'!$I$6:$I$29,">0")*4)*100,"") | E20: =IFERROR(SUMIFS(Infrastructure_v2!$K$6:$K$29,Infrastructure_v2!$A$6:$A$29,$A20)/(SUMIFS(Infrastructure_v2!$J$6:$J$29,Infrastructure_v2!$A$6:$A$29,$A20,Infrastructure_v2!$I$6:$I$29,">0")*4)*100,"")
A21: Requirements & Risk Management | B21: =IFERROR(SUMIFS(Applications_v2!$K$6:$K$27,Applications_v2!$A$6:$A$27,$A21)/(SUMIFS(Applications_v2!$J$6:$J$27,Applications_v2!$A$6:$A$27,$A21,Applications_v2!$I$6:$I$27,">0")*4)*100,"") | C21: =IFERROR(SUMIFS('Huntsville Apps OT_v2'!$K$6:$K$30,'Huntsville Apps OT_v2'!$A$6:$A$30,$A21)/(SUMIFS('Huntsville Apps OT_v2'!$J$6:$J$30,'Huntsville Apps OT_v2'!$A$6:$A$30,$A21,'Huntsville Apps OT_v2'!$I$6:$I$30,">0")*4)*100,"") | D21: =IFERROR(SUMIFS('Data AI_v2'!$K$6:$K$29,'Data AI_v2'!$A$6:$A$29,$A21)/(SUMIFS('Data AI_v2'!$J$6:$J$29,'Data AI_v2'!$A$6:$A$29,$A21,'Data AI_v2'!$I$6:$I$29,">0")*4)*100,"") | E21: =IFERROR(SUMIFS(Infrastructure_v2!$K$6:$K$29,Infrastructure_v2!$A$6:$A$29,$A21)/(SUMIFS(Infrastructure_v2!$J$6:$J$29,Infrastructure_v2!$A$6:$A$29,$A21,Infrastructure_v2!$I$6:$I$29,">0")*4)*100,"")
A22: Secure Development | B22: =IFERROR(SUMIFS(Applications_v2!$K$6:$K$27,Applications_v2!$A$6:$A$27,$A22)/(SUMIFS(Applications_v2!$J$6:$J$27,Applications_v2!$A$6:$A$27,$A22,Applications_v2!$I$6:$I$27,">0")*4)*100,"") | C22: =IFERROR(SUMIFS('Huntsville Apps OT_v2'!$K$6:$K$30,'Huntsville Apps OT_v2'!$A$6:$A$30,$A22)/(SUMIFS('Huntsville Apps OT_v2'!$J$6:$J$30,'Huntsville Apps OT_v2'!$A$6:$A$30,$A22,'Huntsville Apps OT_v2'!$I$6:$I$30,">0")*4)*100,"") | D22: =IFERROR(SUMIFS('Data AI_v2'!$K$6:$K$29,'Data AI_v2'!$A$6:$A$29,$A22)/(SUMIFS('Data AI_v2'!$J$6:$J$29,'Data AI_v2'!$A$6:$A$29,$A22,'Data AI_v2'!$I$6:$I$29,">0")*4)*100,"") | E22: =IFERROR(SUMIFS(Infrastructure_v2!$K$6:$K$29,Infrastructure_v2!$A$6:$A$29,$A22)/(SUMIFS(Infrastructure_v2!$J$6:$J$29,Infrastructure_v2!$A$6:$A$29,$A22,Infrastructure_v2!$I$6:$I$29,">0")*4)*100,"")
... A25: Vendor & Delivery Controls | B25: =IFERROR(SUMIFS(Applications_v2!$K$6:$K$27,Applications_v2!$A$6:$A$27,$A25)/(SUMIFS(Applications_v2!$J$6:$J$27,Applications_v2!$A$6:$A$27,$A25,Applications_v2!$I$6:$I$27,">0")*4)*100,"") | C25: =IFERROR(SUMIFS('Huntsville Apps OT_v2'!$K$6:$K$30,'Huntsville Apps OT_v2'!$A$6:$A$30,$A25)/(SUMIFS('Huntsville Apps OT_v2'!$J$6:$J$30,'Huntsville Apps OT_v2'!$A$6:$A$30,$A25,'Huntsville Apps OT_v2'!$I$6:$I$30,">0")*4)*100,"") | D25: =IFERROR(SUMIFS('Data AI_v2'!$K$6:$K$29,'Data AI_v2'!$A$6:$A$29,$A25)/(SUMIFS('Data AI_v2'!$J$6:$J$29,'Data AI_v2'!$A$6:$A$29,$A25,'Data AI_v2'!$I$6:$I$29,">0")*4)*100,"") | E25: =IFERROR(SUMIFS(Infrastructure_v2!$K$6:$K$29,Infrastructure_v2!$A$6:$A$29,$A25)/(SUMIFS(Infrastructure_v2!$J$6:$J$29,Infrastructure_v2!$A$6:$A$29,$A25,Infrastructure_v2!$I$6:$I$29,">0")*4)*100,"")
