Workbook

Sheet RTM
A1: REQ-ID | B1: Level | C1: Statement | D1: Priority | E1: EARS Pattern | F1: Ambiguity Score | G1: Source Document(s) | H1: Source Locator(s) | I1: BRD Section | J1: Test Case IDs | K1: Test Count | L1: Positive Count | M1: Negative Count | N1: Script IDs | O1: Script Count | P1: Coverage Status | Q1: Approval Status
A2: REQ-6b5c83 | B2: FUNCTIONAL | C2: The system shall do X. | D2: SHOULD | E2: UBIQUITOUS | F2: 0.1 | G2: t.docx | H2: t.docx: shall do X.... | I2: 5. Functional Requirements | J2: =TEXTJOIN(", ",TRUE,IF(TestCases!$B$2:$B$5000=A2,TestCases!$A$2:$A$5000,"")) | K2: =IF(J2="",0,COUNTIF(TestCases!$B$2:$B$5000,A2)) | L2: =COUNTIFS(TestCases!$B$2:$B$5000,A2,TestCases!$C$2:$C$5000,"POSITIVE") | M2: =COUNTIFS(TestCases!$B$2:$B$5000,A2,TestCases!$C$2:$C$5000,"NEGATIVE") | N2: =TEXTJOIN(", ",TRUE,IF(Scripts!$C$2:$C$5000=A2,Scripts!$A$2:$A$5000,"")) | O2: =IF(N2="",0,COUNTIF(Scripts!$C$2:$C$5000,A2)) | P2: =IF(K2=0,"NO TESTS",IF(M2=0,"NO NEGATIVE",IF(O2=0,"NOT AUTOMATED","COVERED"))) | Q2: APPROVED

Sheet TestCases
A1: TC-ID | B1: REQ-ID | C1: Test Type | D1: Test Level | E1: Priority | F1: Title | G1: Status | H1: Steps (count)

Sheet Scripts
A1: TS-ID | B1: TC-ID | C1: REQ-ID | D1: Target | E1: File Path | F1: Compiles | G1: Status

Sheet Coverage Summary
A1: Coverage by Level
A3: Level | B3: Total | C3: Covered | D3: Coverage %
A4: BUSINESS | B4: =COUNTIF(RTM!$B$2:$B$2,A4) | C4: =COUNTIFS(RTM!$B$2:$B$2,A4,RTM!$P$2:$P$2,"COVERED") | D4: =IF(B4=0,"N/A",C4/B4)
A5: FUNCTIONAL | B5: =COUNTIF(RTM!$B$2:$B$2,A5) | C5: =COUNTIFS(RTM!$B$2:$B$2,A5,RTM!$P$2:$P$2,"COVERED") | D5: =IF(B5=0,"N/A",C5/B5)
A6: NON_FUNCTIONAL | B6: =COUNTIF(RTM!$B$2:$B$2,A6) | C6: =COUNTIFS(RTM!$B$2:$B$2,A6,RTM!$P$2:$P$2,"COVERED") | D6: =IF(B6=0,"N/A",C6/B6)
A7: ASSUMPTION | B7: =COUNTIF(RTM!$B$2:$B$2,A7) | C7: =COUNTIFS(RTM!$B$2:$B$2,A7,RTM!$P$2:$P$2,"COVERED") | D7: =IF(B7=0,"N/A",C7/B7)
A8: CONSTRAINT | B8: =COUNTIF(RTM!$B$2:$B$2,A8) | C8: =COUNTIFS(RTM!$B$2:$B$2,A8,RTM!$P$2:$P$2,"COVERED") | D8: =IF(B8=0,"N/A",C8/B8)
A10: TOTAL | B10: =SUM(B4:B8) | C10: =SUM(C4:C8) | D10: =IF(B10=0,"N/A",C10/B10)
A12: Ambiguity distribution (score > 0.4)
A13: Blocked requirements | B13: =COUNTIF(RTM!$F$2:$F$2,">0.4")

Sheet Gaps
A1: Requirements with Coverage Status <> COVERED — live view (Excel 365 FILTER)
A2: =IFERROR(FILTER(RTM!A2:Q2,RTM!P2:P2<>"COVERED"),"No gaps.")

Sheet Audit
A1: At | B1: Actor | C1: Action | D1: Entity Type | E1: Entity ID | F1: Rationale/Detail
